{
    "2": {
        "euler_ZYX": [
            0.0,
            0.0,
            0.0
        ],
        "t": [
            0.0,
            0.0,
            0.0
        ]
    },
    "1": {
        "euler_ZYX": [
            -179.8218356009665,
            0.16316447398935677,
            90.01410465154953
        ],
        "t": [
            0.006269447731138562,
            -2.0033628759064763,
            2.001212383272858
        ]
    }
}