{
    "2": {
        "euler_ZYX": [
            0.0,
            0.0,
            0.0
        ],
        "t": [
            0.0,
            0.0,
            0.0
        ]
    },
    "1": {
        "euler_ZYX": [
            -179.98527383958842,
            -0.03749143685838391,
            89.98405872327693
        ],
        "t": [
            0.0006017328835804398,
            -2.0032123573491036,
            2.0012146402650224
        ]
    }
}