{
    "per_camera_group": {
        "all": {
            "mean_error": 0.5317353417181874,
            "std_error": 0.2127761808660301,
            "mean_view_score": 89.0,
            "mean_n_corres": 23.0
        }
    },
    "per_camera": {
        "2": {
            "mean_error": 0.5210266907903753,
            "std_error": 0.21291093901863364,
            "view_score": 74,
            "n_corres": 22
        },
        "1": {
            "mean_error": 0.5415516050686818,
            "std_error": 0.21217832304712578,
            "view_score": 104,
            "n_corres": 24
        }
    },
    "success_rate": {
        "n_cameras_to_reconstruct": null,
        "n_cameras_reconstructed": null,
        "success_rate": null
    }
}