{
    "per_camera_group": {
        "all": {
            "mean_error": 0.4534236299777672,
            "std_error": 0.22693237317014756,
            "mean_view_score": 100.0,
            "mean_n_corres": 37.5
        }
    },
    "per_camera": {
        "2": {
            "mean_error": 0.46644385125156423,
            "std_error": 0.23066746655650594,
            "view_score": 74,
            "n_corres": 42
        },
        "1": {
            "mean_error": 0.436852439265662,
            "std_error": 0.22098103863196358,
            "view_score": 126,
            "n_corres": 33
        }
    },
    "success_rate": {
        "n_cameras_to_reconstruct": null,
        "n_cameras_reconstructed": null,
        "success_rate": null
    }
}