{
    "gopro3": {
        "euler_ZYX": [
            0.0,
            0.0,
            0.0
        ],
        "t": [
            0.0,
            0.0,
            0.0
        ]
    },
    "gopro2": {
        "euler_ZYX": [
            48.661611709080546,
            52.00113109578983,
            14.033959748833958
        ],
        "t": [
            -2.330467278517013,
            -1.3709168321275038,
            2.275526321851462
        ]
    },
    "gopro5": {
        "euler_ZYX": [
            -131.9776882199822,
            -48.550380485165356,
            97.8255214986799
        ],
        "t": [
            2.1578051816974972,
            -2.1106016712755085,
            4.531964200602577
        ]
    },
    "gopro6": {
        "euler_ZYX": [
            -169.00656695954942,
            -1.3999483847949425,
            117.26242154554082
        ],
        "t": [
            0.4130742957605374,
            -3.66138527326737,
            6.784318988678037
        ]
    },
    "gopro1": {
        "euler_ZYX": [
            163.30435478547614,
            32.00842195329184,
            110.47991469467794
        ],
        "t": [
            -1.794677212079843,
            -3.35167841111086,
            5.510654502572815
        ]
    },
    "gopro4": {
        "euler_ZYX": [
            -39.24107531533959,
            -51.58350373522646,
            22.068874234714524
        ],
        "t": [
            3.391228535769513,
            -0.6485093770859026,
            1.7955138376173787
        ]
    }
}