{
    "per_camera_group": {
        "all": {
            "mean_error": 0.22336215722639152,
            "std_error": 0.11206863981782011,
            "mean_view_score": 170.66666666666666,
            "mean_n_corres": 465.3333333333333
        }
    },
    "per_camera": {
        "gopro3": {
            "mean_error": 0.20431189749036774,
            "std_error": 0.10772455328071184,
            "view_score": 164,
            "n_corres": 504
        },
        "gopro2": {
            "mean_error": 0.22328186460803434,
            "std_error": 0.11553594541127722,
            "view_score": 216,
            "n_corres": 661
        },
        "gopro5": {
            "mean_error": 0.2419323420585683,
            "std_error": 0.10851434871458103,
            "view_score": 168,
            "n_corres": 275
        },
        "gopro6": {
            "mean_error": 0.23295196126379977,
            "std_error": 0.11359387687411332,
            "view_score": 196,
            "n_corres": 552
        },
        "gopro1": {
            "mean_error": 0.23509494532463343,
            "std_error": 0.11210313788204654,
            "view_score": 200,
            "n_corres": 628
        },
        "gopro4": {
            "mean_error": 0.17618681271764805,
            "std_error": 0.08835695575289022,
            "view_score": 80,
            "n_corres": 172
        }
    },
    "success_rate": {
        "n_cameras_to_reconstruct": null,
        "n_cameras_reconstructed": null,
        "success_rate": null
    }
}